{
  "project_info": {
    "project_number": "399788835953",
    "firebase_url": "https://appa-5b0b9.firebaseio.com",
    "project_id": "appa-5b0b9",
    "storage_bucket": "appa-5b0b9.appspot.com"
  },
  "client": [
    {
      "client_info": {
        "mobilesdk_app_id": "1:399788835953:android:9d67b9167224144efa07d0",
        "android_client_info": {
          "package_name": "com.example.myapplication"
        }
      },
      "oauth_client": [
        {
          "client_id": "399788835953-mm0m8jvi402fflnvfnlbpbc06pbgjbbr.apps.googleusercontent.com",
          "client_type": 3
        }
      ],
      "api_key": [
        {
          "current_key": "AIzaSyAJ6h9B5wIrqfFFJV9_76dZOLv-EcDvwdw"
        }
      ],
      "services": {
        "appinvite_service": {
          "other_platform_oauth_client": [
            {
              "client_id": "399788835953-mm0m8jvi402fflnvfnlbpbc06pbgjbbr.apps.googleusercontent.com",
              "client_type": 3
            }
          ]
        }
      }
    }
  ],
  "configuration_version": "1"
}